{
  "total": 11,
  "page": 1,
  "page_size": 100,
  "cursor": null,
  "result": [
    {
      "token_address": "0x4a2f99cb715cc5cbe03203c4232c49192471bb87",
      "token_id": "1",
      "amount": "1",
      "owner_of": "0x9c00c40891cc6b6a525439f03551ce75d35ac3d4",
      "token_hash": "392010486c03b1f5333ca13b5eaac29a",
      "block_number_minted": "29379820",
      "block_number": "29379820",
      "contract_type": "ERC721",
      "name": "CHARITY",
      "symbol": "",
      "token_uri": "http://localhot:8080/ipfs/QmaEKe7Utaens4DNKC4Sj1bauVpXczjAhKBtB8VMqNVSmN",
      "metadata": null,
      "last_token_uri_sync": "2022-11-28T09:58:08.412Z",
      "last_metadata_sync": "2022-11-28T11:04:45.084Z",
      "minter_address": null
    },
    {
      "token_address": "0x073088880e98524c420bb6d9311b845d8793f90c",
      "token_id": "4",
      "amount": "1",
      "owner_of": "0x9c00c40891cc6b6a525439f03551ce75d35ac3d4",
      "token_hash": "8d36611af8574004c6a927098da0f911",
      "block_number_minted": "29379782",
      "block_number": "29379782",
      "contract_type": "ERC721",
      "name": "CHARITY",
      "symbol": "",
      "token_uri": "http://localhot:8080/ipfs/QmZDuBbDBd12W7J9zdWTuzMVtSUozvruCdKKsH7kXeSvNi",
      "metadata": null,
      "last_token_uri_sync": "2022-11-28T09:55:00.201Z",
      "last_metadata_sync": "2022-11-28T11:04:45.084Z",
      "minter_address": null
    },
    {
      "token_address": "0x073088880e98524c420bb6d9311b845d8793f90c",
      "token_id": "3",
      "amount": "1",
      "owner_of": "0x9c00c40891cc6b6a525439f03551ce75d35ac3d4",
      "token_hash": "a7976d2d790d99353d297f1299f2a378",
      "block_number_minted": "29379566",
      "block_number": "29379566",
      "contract_type": "ERC721",
      "name": "CHARITY",
      "symbol": "",
      "token_uri": "http://localhot:8080/ipfs/QmZDuBbDBd12W7J9zdWTuzMVtSUozvruCdKKsH7kXeSvNi",
      "metadata": null,
      "last_token_uri_sync": "2022-11-28T09:36:51.623Z",
      "last_metadata_sync": "2022-11-28T11:04:45.084Z",
      "minter_address": null
    },
    {
      "token_address": "0x073088880e98524c420bb6d9311b845d8793f90c",
      "token_id": "2",
      "amount": "1",
      "owner_of": "0x9c00c40891cc6b6a525439f03551ce75d35ac3d4",
      "token_hash": "e7bf6ec7020dab02379cbcda0cd9f3f6",
      "block_number_minted": "29378569",
      "block_number": "29378569",
      "contract_type": "ERC721",
      "name": "CHARITY",
      "symbol": "",
      "token_uri": "http://localhot:8080/ipfs/QmNi2Gmjcjbwg3b4pWJYdPMAG7bTbLtf6FjPYgchDip3Wf",
      "metadata": null,
      "last_token_uri_sync": "2022-11-28T08:13:35.973Z",
      "last_metadata_sync": "2022-11-28T11:04:45.084Z",
      "minter_address": null
    },
    {
      "token_address": "0x073088880e98524c420bb6d9311b845d8793f90c",
      "token_id": "1",
      "amount": "1",
      "owner_of": "0x9c00c40891cc6b6a525439f03551ce75d35ac3d4",
      "token_hash": "91a0a0db6218b30a733bdb3fb0dc65a8",
      "block_number_minted": "29378385",
      "block_number": "29378385",
      "contract_type": "ERC721",
      "name": "CHARITY",
      "symbol": "",
      "token_uri": "http://localhot:8080/ipfs/QmNi2Gmjcjbwg3b4pWJYdPMAG7bTbLtf6FjPYgchDip3Wf",
      "metadata": null,
      "last_token_uri_sync": "2022-11-28T07:58:11.904Z",
      "last_metadata_sync": "2022-11-28T11:04:45.084Z",
      "minter_address": null
    },
    {
      "token_address": "0x64bc6109b9a21843d44f905e6eec2fbe9fd87822",
      "token_id": "2",
      "amount": "1",
      "owner_of": "0x9c00c40891cc6b6a525439f03551ce75d35ac3d4",
      "token_hash": "62f6543563c774e6a5c9b2ba4a1e60b8",
      "block_number_minted": "29378121",
      "block_number": "29378121",
      "contract_type": "ERC721",
      "name": "CHARITY",
      "symbol": "",
      "token_uri": "http://localhot:8080/ipfs/Qmc6xb5qfLk7BfwLxxKcA6FW6WW5Xec1r9mvuvuCwYm1CS",
      "metadata": null,
      "last_token_uri_sync": "2022-11-28T07:36:07.314Z",
      "last_metadata_sync": "2022-11-28T11:04:45.084Z",
      "minter_address": null
    },
    {
      "token_address": "0x64bc6109b9a21843d44f905e6eec2fbe9fd87822",
      "token_id": "1",
      "amount": "1",
      "owner_of": "0x9c00c40891cc6b6a525439f03551ce75d35ac3d4",
      "token_hash": "138bd1a35dca141fd9ebd52770c4e8ab",
      "block_number_minted": "29377871",
      "block_number": "29377871",
      "contract_type": "ERC721",
      "name": "CHARITY",
      "symbol": "",
      "token_uri": "http://localhot:8080/ipfs/Qmet51xouqTQHT6KsJ5A2G1JXEBxHMtuLXtbi79Fh43MTr",
      "metadata": null,
      "last_token_uri_sync": "2022-11-28T07:15:19.356Z",
      "last_metadata_sync": "2022-11-28T11:04:45.084Z",
      "minter_address": null
    },
    {
      "token_address": "0x20a3b321092c3aeab46e4363da3f064df2a844d0",
      "token_id": "1",
      "amount": "1",
      "owner_of": "0x9c00c40891cc6b6a525439f03551ce75d35ac3d4",
      "token_hash": "8b1b98b8d95419e655a2cda3375e688f",
      "block_number_minted": "29377701",
      "block_number": "29377701",
      "contract_type": "ERC721",
      "name": "CHARITY",
      "symbol": "",
      "token_uri": "http://localhot:8080/ipfs/QmaiXgEUdywFaku6oKkWv8GtEKgxEK3C8Xb1h5tapWBUs2",
      "metadata": null,
      "last_token_uri_sync": "2022-11-28T07:01:04.173Z",
      "last_metadata_sync": "2022-11-28T11:04:45.084Z",
      "minter_address": null
    },
    {
      "token_address": "0x1cb8f895162f962fd6a399c429ad45867b8e1874",
      "token_id": "2",
      "amount": "1",
      "owner_of": "0x9c00c40891cc6b6a525439f03551ce75d35ac3d4",
      "token_hash": "5cc75592fe64fa16e79a2cf67f739768",
      "block_number_minted": "29377672",
      "block_number": "29377672",
      "contract_type": "ERC721",
      "name": "CHARITY",
      "symbol": "",
      "token_uri": "http://localhot:8080/ipfs/QmZNKgvLqr9FBUFiqRb1GDdNtRWecroGuuAdSs1odEstCz",
      "metadata": null,
      "last_token_uri_sync": "2022-11-28T06:58:33.787Z",
      "last_metadata_sync": "2022-11-28T11:04:45.084Z",
      "minter_address": null
    },
    {
      "token_address": "0x1cb8f895162f962fd6a399c429ad45867b8e1874",
      "token_id": "1",
      "amount": "1",
      "owner_of": "0x9c00c40891cc6b6a525439f03551ce75d35ac3d4",
      "token_hash": "94e8709ec69b2e5ee37992c203d9af5b",
      "block_number_minted": "29377461",
      "block_number": "29377461",
      "contract_type": "ERC721",
      "name": "CHARITY",
      "symbol": "",
      "token_uri": "http://localhot:8080/ipfs/QmRbRHLtZVNZx93Ti8VXAaqHyuGwBCN9cnGewT1Xet1o4t",
      "metadata": null,
      "last_token_uri_sync": "2022-11-28T06:40:56.978Z",
      "last_metadata_sync": "2022-11-28T11:04:45.084Z",
      "minter_address": null
    },
    {
      "token_address": "0xe915a57e52a1f5a432b15727ea79e2542d435087",
      "token_id": "1",
      "amount": "1",
      "owner_of": "0x9c00c40891cc6b6a525439f03551ce75d35ac3d4",
      "token_hash": "5177e8d3c3bb99f237cf2ce3b5cb7007",
      "block_number_minted": "29058656",
      "block_number": "29326899",
      "contract_type": "ERC721",
      "name": "TEST_NFT",
      "symbol": "NFT",
      "token_uri": null,
      "metadata": null,
      "last_token_uri_sync": "2022-11-09T08:01:13.095Z",
      "last_metadata_sync": null,
      "minter_address": "0xe3aece4172d4092fac4dc5dd8389fca32fcddf6c"
    }
  ],
  "status": "SYNCED"
}